{
  "Amount": 7,
  "Size": [
    2,
    2
  ],
  "Lifetime": 0.14,
  "Explosiveness": 0.19,
  "OneShot": true,
  "MinSpeed": 97.94,
  "MaxSpeed": 97.94,
  "DirectionAngle": 0,
  "Spread": 1.99,
  "Material": {
    "ColorMin": [
      0.6,
      0.52156866,
      0.4745098,
      1
    ],
    "ColorMax": [
      0.6,
      0.5222422,
      0.47529414,
      0.16078432
    ]
  }
}